{"cameraMode":{"drawMode":0,"name":"Shaded","section":"Shading Mode"},"sceneLighting":true,"audioPlay":false,"sceneViewState":{"showFog":true,"showMaterialUpdate":false,"showSkybox":true,"showFlares":true,"showImageEffects":true,"showParticleSystems":true},"in2DMode":false,"pivot":{"x":2.8250510692596437,"y":-0.024948596954345704,"z":-1.2149564027786255},"rotation":{"x":-0.1832246631383896,"y":-0.6914238929748535,"z":0.18824172019958497,"w":-0.6729971170425415},"size":1.8866026401519776,"orthographic":false}