{"cameraMode":{"drawMode":0,"name":"Shaded","section":"Shading Mode"},"sceneLighting":false,"audioPlay":false,"sceneViewState":{"showFog":true,"showMaterialUpdate":false,"showSkybox":false,"showFlares":true,"showImageEffects":true,"showParticleSystems":true},"in2DMode":false,"pivot":{"x":0.0,"y":-0.010604098439216614,"z":-0.020028062164783479},"rotation":{"x":-0.13686400651931764,"y":-0.7143067717552185,"z":0.14577141404151917,"w":-0.6706595420837402},"size":0.11833137273788452,"orthographic":false}